$all_mimes['123'] = 'application/vnd.lotus-1-2-3';
$all_mimes['3dml'] = 'text/vnd.in3d.3dml';
$all_mimes['3g2'] = 'video/3gpp2';
$all_mimes['3gp'] = 'video/3gpp';
$all_mimes['a'] = 'application/octet-stream';
$all_mimes['aab'] = 'application/x-authorware-bin';
$all_mimes['aac'] = 'audio/x-aac';
$all_mimes['aam'] = 'application/x-authorware-map';
$all_mimes['aas'] = 'application/x-authorware-seg';
$all_mimes['abw'] = 'application/x-abiword';
$all_mimes['acc'] = 'application/vnd.americandynamics.acc';
$all_mimes['ace'] = 'application/x-ace-compressed';
$all_mimes['acu'] = 'application/vnd.acucobol';
$all_mimes['acutc'] = 'application/vnd.acucorp';
$all_mimes['adp'] = 'audio/adpcm';
$all_mimes['aep'] = 'application/vnd.audiograph';
$all_mimes['afm'] = 'application/x-font-type1';
$all_mimes['afp'] = 'application/vnd.ibm.modcap';
$all_mimes['ai'] = 'application/postscript';
$all_mimes['aif'] = 'audio/x-aiff';
$all_mimes['aifc'] = 'audio/x-aiff';
$all_mimes['aiff'] = 'audio/x-aiff';
$all_mimes['air'] = 'application/vnd.adobe.air-application-installer-package+zip';
$all_mimes['ami'] = 'application/vnd.amiga.ami';
$all_mimes['apk'] = 'application/vnd.android.package-archive';
$all_mimes['application'] = 'application/x-ms-application';
$all_mimes['apr'] = 'application/vnd.lotus-approach';
$all_mimes['asc'] = 'application/pgp-signature';
$all_mimes['asf'] = 'video/x-ms-asf';
$all_mimes['asm'] = 'text/x-asm';
$all_mimes['aso'] = 'application/vnd.accpac.simply.aso';
$all_mimes['asx'] = 'video/x-ms-asf';
$all_mimes['atc'] = 'application/vnd.acucorp';
$all_mimes['atom'] = 'application/atom+xml';
$all_mimes['atomcat'] = 'application/atomcat+xml';
$all_mimes['atomsvc'] = 'application/atomsvc+xml';
$all_mimes['atx'] = 'application/vnd.antix.game-component';
$all_mimes['au'] = 'audio/basic';
$all_mimes['avi'] = 'video/x-msvideo';
$all_mimes['aw'] = 'application/applixware';
$all_mimes['azf'] = 'application/vnd.airzip.filesecure.azf';
$all_mimes['azs'] = 'application/vnd.airzip.filesecure.azs';
$all_mimes['azw'] = 'application/vnd.amazon.ebook';
$all_mimes['bat'] = 'application/x-msdownload';
$all_mimes['bcpio'] = 'application/x-bcpio';
$all_mimes['bdf'] = 'application/x-font-bdf';
$all_mimes['bdm'] = 'application/vnd.syncml.dm+wbxml';
$all_mimes['bh2'] = 'application/vnd.fujitsu.oasysprs';
$all_mimes['bin'] = 'application/octet-stream';
$all_mimes['bmi'] = 'application/vnd.bmi';
$all_mimes['bmp'] = 'image/bmp';
$all_mimes['book'] = 'application/vnd.framemaker';
$all_mimes['box'] = 'application/vnd.previewsystems.box';
$all_mimes['boz'] = 'application/x-bzip2';
$all_mimes['bpk'] = 'application/octet-stream';
$all_mimes['btif'] = 'image/prs.btif';
$all_mimes['bz'] = 'application/x-bzip';
$all_mimes['bz2'] = 'application/x-bzip2';
$all_mimes['c'] = 'text/x-c';
$all_mimes['c4d'] = 'application/vnd.clonk.c4group';
$all_mimes['c4f'] = 'application/vnd.clonk.c4group';
$all_mimes['c4g'] = 'application/vnd.clonk.c4group';
$all_mimes['c4p'] = 'application/vnd.clonk.c4group';
$all_mimes['c4u'] = 'application/vnd.clonk.c4group';
$all_mimes['cab'] = 'application/vnd.ms-cab-compressed';
$all_mimes['car'] = 'application/vnd.curl.car';
$all_mimes['cat'] = 'application/vnd.ms-pki.seccat';
$all_mimes['cc'] = 'text/x-c';
$all_mimes['cct'] = 'application/x-director';
$all_mimes['ccxml'] = 'application/ccxml+xml';
$all_mimes['cdbcmsg'] = 'application/vnd.contact.cmsg';
$all_mimes['cdf'] = 'application/x-netcdf';
$all_mimes['cdkey'] = 'application/vnd.mediastation.cdkey';
$all_mimes['cdx'] = 'chemical/x-cdx';
$all_mimes['cdxml'] = 'application/vnd.chemdraw+xml';
$all_mimes['cdy'] = 'application/vnd.cinderella';
$all_mimes['cer'] = 'application/pkix-cert';
$all_mimes['cgm'] = 'image/cgm';
$all_mimes['chat'] = 'application/x-chat';
$all_mimes['chm'] = 'application/vnd.ms-htmlhelp';
$all_mimes['chrt'] = 'application/vnd.kde.kchart';
$all_mimes['cif'] = 'chemical/x-cif';
$all_mimes['cii'] = 'application/vnd.anser-web-certificate-issue-initiation';
$all_mimes['cil'] = 'application/vnd.ms-artgalry';
$all_mimes['cla'] = 'application/vnd.claymore';
$all_mimes['class'] = 'application/java-vm';
$all_mimes['clkk'] = 'application/vnd.crick.clicker.keyboard';
$all_mimes['clkp'] = 'application/vnd.crick.clicker.palette';
$all_mimes['clkt'] = 'application/vnd.crick.clicker.template';
$all_mimes['clkw'] = 'application/vnd.crick.clicker.wordbank';
$all_mimes['clkx'] = 'application/vnd.crick.clicker';
$all_mimes['clp'] = 'application/x-msclip';
$all_mimes['cmc'] = 'application/vnd.cosmocaller';
$all_mimes['cmdf'] = 'chemical/x-cmdf';
$all_mimes['cml'] = 'chemical/x-cml';
$all_mimes['cmp'] = 'application/vnd.yellowriver-custom-menu';
$all_mimes['cmx'] = 'image/x-cmx';
$all_mimes['cod'] = 'application/vnd.rim.cod';
$all_mimes['com'] = 'application/x-msdownload';
$all_mimes['conf'] = 'text/plain';
$all_mimes['cpio'] = 'application/x-cpio';
$all_mimes['cpp'] = 'text/x-c';
$all_mimes['cpt'] = 'application/mac-compactpro';
$all_mimes['crd'] = 'application/x-mscardfile';
$all_mimes['crl'] = 'application/pkix-crl';
$all_mimes['crt'] = 'application/x-x509-ca-cert';
$all_mimes['csh'] = 'application/x-csh';
$all_mimes['csml'] = 'chemical/x-csml';
$all_mimes['csp'] = 'application/vnd.commonspace';
$all_mimes['css'] = 'text/css';
$all_mimes['cst'] = 'application/x-director';
$all_mimes['csv'] = 'text/csv';
$all_mimes['cu'] = 'application/cu-seeme';
$all_mimes['curl'] = 'text/vnd.curl';
$all_mimes['cww'] = 'application/prs.cww';
$all_mimes['cxt'] = 'application/x-director';
$all_mimes['cxx'] = 'text/x-c';
$all_mimes['daf'] = 'application/vnd.mobius.daf';
$all_mimes['dataless'] = 'application/vnd.fdsn.seed';
$all_mimes['davmount'] = 'application/davmount+xml';
$all_mimes['dcr'] = 'application/x-director';
$all_mimes['dcurl'] = 'text/vnd.curl.dcurl';
$all_mimes['dd2'] = 'application/vnd.oma.dd2+xml';
$all_mimes['ddd'] = 'application/vnd.fujixerox.ddd';
$all_mimes['deb'] = 'application/x-debian-package';
$all_mimes['def'] = 'text/plain';
$all_mimes['deploy'] = 'application/octet-stream';
$all_mimes['der'] = 'application/x-x509-ca-cert';
$all_mimes['dfac'] = 'application/vnd.dreamfactory';
$all_mimes['dic'] = 'text/x-c';
$all_mimes['diff'] = 'text/plain';
$all_mimes['dir'] = 'application/x-director';
$all_mimes['dis'] = 'application/vnd.mobius.dis';
$all_mimes['dist'] = 'application/octet-stream';
$all_mimes['distz'] = 'application/octet-stream';
$all_mimes['djv'] = 'image/vnd.djvu';
$all_mimes['djvu'] = 'image/vnd.djvu';
$all_mimes['dll'] = 'application/x-msdownload';
$all_mimes['dmg'] = 'application/octet-stream';
$all_mimes['dms'] = 'application/octet-stream';
$all_mimes['dna'] = 'application/vnd.dna';
$all_mimes['doc'] = 'application/msword';
$all_mimes['docm'] = 'application/vnd.ms-word.document.macroenabled.12';
$all_mimes['docx'] = 'application/vnd.openxmlformats-officedocument.wordprocessingml.document';
$all_mimes['dot'] = 'application/msword';
$all_mimes['dotm'] = 'application/vnd.ms-word.template.macroenabled.12';
$all_mimes['dotx'] = 'application/vnd.openxmlformats-officedocument.wordprocessingml.template';
$all_mimes['dp'] = 'application/vnd.osgi.dp';
$all_mimes['dpg'] = 'application/vnd.dpgraph';
$all_mimes['dsc'] = 'text/prs.lines.tag';
$all_mimes['dtb'] = 'application/x-dtbook+xml';
$all_mimes['dtd'] = 'application/xml-dtd';
$all_mimes['dts'] = 'audio/vnd.dts';
$all_mimes['dtshd'] = 'audio/vnd.dts.hd';
$all_mimes['dump'] = 'application/octet-stream';
$all_mimes['dvi'] = 'application/x-dvi';
$all_mimes['dwf'] = 'model/vnd.dwf';
$all_mimes['dwg'] = 'image/vnd.dwg';
$all_mimes['dxf'] = 'image/vnd.dxf';
$all_mimes['dxp'] = 'application/vnd.spotfire.dxp';
$all_mimes['dxr'] = 'application/x-director';
$all_mimes['ecelp4800'] = 'audio/vnd.nuera.ecelp4800';
$all_mimes['ecelp7470'] = 'audio/vnd.nuera.ecelp7470';
$all_mimes['ecelp9600'] = 'audio/vnd.nuera.ecelp9600';
$all_mimes['ecma'] = 'application/ecmascript';
$all_mimes['edm'] = 'application/vnd.novadigm.edm';
$all_mimes['edx'] = 'application/vnd.novadigm.edx';
$all_mimes['efif'] = 'application/vnd.picsel';
$all_mimes['ei6'] = 'application/vnd.pg.osasli';
$all_mimes['elc'] = 'application/octet-stream';
$all_mimes['eml'] = 'message/rfc822';
$all_mimes['emma'] = 'application/emma+xml';
$all_mimes['eol'] = 'audio/vnd.digital-winds';
$all_mimes['eot'] = 'application/vnd.ms-fontobject';
$all_mimes['eps'] = 'application/postscript';
$all_mimes['epub'] = 'application/epub+zip';
$all_mimes['es3'] = 'application/vnd.eszigno3+xml';
$all_mimes['esf'] = 'application/vnd.epson.esf';
$all_mimes['et3'] = 'application/vnd.eszigno3+xml';
$all_mimes['etx'] = 'text/x-setext';
$all_mimes['exe'] = 'application/x-msdownload';
$all_mimes['ext'] = 'application/vnd.novadigm.ext';
$all_mimes['ez'] = 'application/andrew-inset';
$all_mimes['ez2'] = 'application/vnd.ezpix-album';
$all_mimes['ez3'] = 'application/vnd.ezpix-package';
$all_mimes['f'] = 'text/x-fortran';
$all_mimes['f4v'] = 'video/x-f4v';
$all_mimes['f77'] = 'text/x-fortran';
$all_mimes['f90'] = 'text/x-fortran';
$all_mimes['fbs'] = 'image/vnd.fastbidsheet';
$all_mimes['fdf'] = 'application/vnd.fdf';
$all_mimes['fe_launch'] = 'application/vnd.denovo.fcselayout-link';
$all_mimes['fg5'] = 'application/vnd.fujitsu.oasysgp';
$all_mimes['fgd'] = 'application/x-director';
$all_mimes['fh'] = 'image/x-freehand';
$all_mimes['fh4'] = 'image/x-freehand';
$all_mimes['fh5'] = 'image/x-freehand';
$all_mimes['fh7'] = 'image/x-freehand';
$all_mimes['fhc'] = 'image/x-freehand';
$all_mimes['fig'] = 'application/x-xfig';
$all_mimes['fli'] = 'video/x-fli';
$all_mimes['flo'] = 'application/vnd.micrografx.flo';
$all_mimes['flv'] = 'video/x-flv';
$all_mimes['flw'] = 'application/vnd.kde.kivio';
$all_mimes['flx'] = 'text/vnd.fmi.flexstor';
$all_mimes['fly'] = 'text/vnd.fly';
$all_mimes['fm'] = 'application/vnd.framemaker';
$all_mimes['fnc'] = 'application/vnd.frogans.fnc';
$all_mimes['for'] = 'text/x-fortran';
$all_mimes['fpx'] = 'image/vnd.fpx';
$all_mimes['frame'] = 'application/vnd.framemaker';
$all_mimes['fsc'] = 'application/vnd.fsc.weblaunch';
$all_mimes['fst'] = 'image/vnd.fst';
$all_mimes['ftc'] = 'application/vnd.fluxtime.clip';
$all_mimes['fti'] = 'application/vnd.anser-web-funds-transfer-initiation';
$all_mimes['fvt'] = 'video/vnd.fvt';
$all_mimes['fzs'] = 'application/vnd.fuzzysheet';
$all_mimes['g3'] = 'image/g3fax';
$all_mimes['gac'] = 'application/vnd.groove-account';
$all_mimes['gdl'] = 'model/vnd.gdl';
$all_mimes['geo'] = 'application/vnd.dynageo';
$all_mimes['gex'] = 'application/vnd.geometry-explorer';
$all_mimes['ggb'] = 'application/vnd.geogebra.file';
$all_mimes['ggt'] = 'application/vnd.geogebra.tool';
$all_mimes['ghf'] = 'application/vnd.groove-help';
$all_mimes['gif'] = 'image/gif';
$all_mimes['gim'] = 'application/vnd.groove-identity-message';
$all_mimes['gmx'] = 'application/vnd.gmx';
$all_mimes['gnumeric'] = 'application/x-gnumeric';
$all_mimes['gph'] = 'application/vnd.flographit';
$all_mimes['gqf'] = 'application/vnd.grafeq';
$all_mimes['gqs'] = 'application/vnd.grafeq';
$all_mimes['gram'] = 'application/srgs';
$all_mimes['gre'] = 'application/vnd.geometry-explorer';
$all_mimes['grv'] = 'application/vnd.groove-injector';
$all_mimes['grxml'] = 'application/srgs+xml';
$all_mimes['gsf'] = 'application/x-font-ghostscript';
$all_mimes['gtar'] = 'application/x-gtar';
$all_mimes['gtm'] = 'application/vnd.groove-tool-message';
$all_mimes['gtw'] = 'model/vnd.gtw';
$all_mimes['gv'] = 'text/vnd.graphviz';
$all_mimes['gz'] = 'application/x-gzip';
$all_mimes['h'] = 'text/x-c';
$all_mimes['h261'] = 'video/h261';
$all_mimes['h263'] = 'video/h263';
$all_mimes['h264'] = 'video/h264';
$all_mimes['hbci'] = 'application/vnd.hbci';
$all_mimes['hdf'] = 'application/x-hdf';
$all_mimes['hh'] = 'text/x-c';
$all_mimes['hlp'] = 'application/winhlp';
$all_mimes['hpgl'] = 'application/vnd.hp-hpgl';
$all_mimes['hpid'] = 'application/vnd.hp-hpid';
$all_mimes['hps'] = 'application/vnd.hp-hps';
$all_mimes['hqx'] = 'application/mac-binhex40';
$all_mimes['htke'] = 'application/vnd.kenameaapp';
$all_mimes['htm'] = 'text/html';
$all_mimes['html'] = 'text/html';
$all_mimes['hvd'] = 'application/vnd.yamaha.hv-dic';
$all_mimes['hvp'] = 'application/vnd.yamaha.hv-voice';
$all_mimes['hvs'] = 'application/vnd.yamaha.hv-script';
$all_mimes['icc'] = 'application/vnd.iccprofile';
$all_mimes['ice'] = 'x-conference/x-cooltalk';
$all_mimes['icm'] = 'application/vnd.iccprofile';
$all_mimes['ico'] = 'image/x-icon';
$all_mimes['ics'] = 'text/calendar';
$all_mimes['ief'] = 'image/ief';
$all_mimes['ifb'] = 'text/calendar';
$all_mimes['ifm'] = 'application/vnd.shana.informed.formdata';
$all_mimes['iges'] = 'model/iges';
$all_mimes['igl'] = 'application/vnd.igloader';
$all_mimes['igs'] = 'model/iges';
$all_mimes['igx'] = 'application/vnd.micrografx.igx';
$all_mimes['iif'] = 'application/vnd.shana.informed.interchange';
$all_mimes['imp'] = 'application/vnd.accpac.simply.imp';
$all_mimes['ims'] = 'application/vnd.ms-ims';
$all_mimes['in'] = 'text/plain';
$all_mimes['ipk'] = 'application/vnd.shana.informed.package';
$all_mimes['irm'] = 'application/vnd.ibm.rights-management';
$all_mimes['irp'] = 'application/vnd.irepository.package+xml';
$all_mimes['iso'] = 'application/octet-stream';
$all_mimes['itp'] = 'application/vnd.shana.informed.formtemplate';
$all_mimes['ivp'] = 'application/vnd.immervision-ivp';
$all_mimes['ivu'] = 'application/vnd.immervision-ivu';
$all_mimes['jad'] = 'text/vnd.sun.j2me.app-descriptor';
$all_mimes['jam'] = 'application/vnd.jam';
$all_mimes['jar'] = 'application/java-archive';
$all_mimes['java'] = 'text/x-java-source';
$all_mimes['jisp'] = 'application/vnd.jisp';
$all_mimes['jlt'] = 'application/vnd.hp-jlyt';
$all_mimes['jnlp'] = 'application/x-java-jnlp-file';
$all_mimes['joda'] = 'application/vnd.joost.joda-archive';
$all_mimes['jpe'] = 'image/jpeg';
$all_mimes['jpeg'] = 'image/jpeg';
$all_mimes['jpg'] = 'image/jpeg';
$all_mimes['jpgm'] = 'video/jpm';
$all_mimes['jpgv'] = 'video/jpeg';
$all_mimes['jpm'] = 'video/jpm';
$all_mimes['js'] = 'application/javascript';
$all_mimes['json'] = 'application/json';
$all_mimes['kar'] = 'audio/midi';
$all_mimes['karbon'] = 'application/vnd.kde.karbon';
$all_mimes['kfo'] = 'application/vnd.kde.kformula';
$all_mimes['kia'] = 'application/vnd.kidspiration';
$all_mimes['kil'] = 'application/x-killustrator';
$all_mimes['kml'] = 'application/vnd.google-earth.kml+xml';
$all_mimes['kmz'] = 'application/vnd.google-earth.kmz';
$all_mimes['kne'] = 'application/vnd.kinar';
$all_mimes['knp'] = 'application/vnd.kinar';
$all_mimes['kon'] = 'application/vnd.kde.kontour';
$all_mimes['kpr'] = 'application/vnd.kde.kpresenter';
$all_mimes['kpt'] = 'application/vnd.kde.kpresenter';
$all_mimes['ksh'] = 'text/plain';
$all_mimes['ksp'] = 'application/vnd.kde.kspread';
$all_mimes['ktr'] = 'application/vnd.kahootz';
$all_mimes['ktz'] = 'application/vnd.kahootz';
$all_mimes['kwd'] = 'application/vnd.kde.kword';
$all_mimes['kwt'] = 'application/vnd.kde.kword';
$all_mimes['latex'] = 'application/x-latex';
$all_mimes['lbd'] = 'application/vnd.llamagraphics.life-balance.desktop';
$all_mimes['lbe'] = 'application/vnd.llamagraphics.life-balance.exchange+xml';
$all_mimes['les'] = 'application/vnd.hhe.lesson-player';
$all_mimes['lha'] = 'application/octet-stream';
$all_mimes['link66'] = 'application/vnd.route66.link66+xml';
$all_mimes['list'] = 'text/plain';
$all_mimes['list3820'] = 'application/vnd.ibm.modcap';
$all_mimes['listafp'] = 'application/vnd.ibm.modcap';
$all_mimes['log'] = 'text/plain';
$all_mimes['lostxml'] = 'application/lost+xml';
$all_mimes['lrf'] = 'application/octet-stream';
$all_mimes['lrm'] = 'application/vnd.ms-lrm';
$all_mimes['ltf'] = 'application/vnd.frogans.ltf';
$all_mimes['lvp'] = 'audio/vnd.lucent.voice';
$all_mimes['lwp'] = 'application/vnd.lotus-wordpro';
$all_mimes['lzh'] = 'application/octet-stream';
$all_mimes['m13'] = 'application/x-msmediaview';
$all_mimes['m14'] = 'application/x-msmediaview';
$all_mimes['m1v'] = 'video/mpeg';
$all_mimes['m2a'] = 'audio/mpeg';
$all_mimes['m2v'] = 'video/mpeg';
$all_mimes['m3a'] = 'audio/mpeg';
$all_mimes['m3u'] = 'audio/x-mpegurl';
$all_mimes['m4u'] = 'video/vnd.mpegurl';
$all_mimes['m4v'] = 'video/x-m4v';
$all_mimes['ma'] = 'application/mathematica';
$all_mimes['mag'] = 'application/vnd.ecowin.chart';
$all_mimes['maker'] = 'application/vnd.framemaker';
$all_mimes['man'] = 'text/troff';
$all_mimes['mathml'] = 'application/mathml+xml';
$all_mimes['mb'] = 'application/mathematica';
$all_mimes['mbk'] = 'application/vnd.mobius.mbk';
$all_mimes['mbox'] = 'application/mbox';
$all_mimes['mc1'] = 'application/vnd.medcalcdata';
$all_mimes['mcd'] = 'application/vnd.mcd';
$all_mimes['mcurl'] = 'text/vnd.curl.mcurl';
$all_mimes['mdb'] = 'application/x-msaccess';
$all_mimes['mdi'] = 'image/vnd.ms-modi';
$all_mimes['me'] = 'text/troff';
$all_mimes['mesh'] = 'model/mesh';
$all_mimes['mfm'] = 'application/vnd.mfmp';
$all_mimes['mgz'] = 'application/vnd.proteus.magazine';
$all_mimes['mht'] = 'message/rfc822';
$all_mimes['mhtml'] = 'message/rfc822';
$all_mimes['mid'] = 'audio/midi';
$all_mimes['midi'] = 'audio/midi';
$all_mimes['mif'] = 'application/vnd.mif';
$all_mimes['mime'] = 'message/rfc822';
$all_mimes['mj2'] = 'video/mj2';
$all_mimes['mjp2'] = 'video/mj2';
$all_mimes['mlp'] = 'application/vnd.dolby.mlp';
$all_mimes['mmd'] = 'application/vnd.chipnuts.karaoke-mmd';
$all_mimes['mmf'] = 'application/vnd.smaf';
$all_mimes['mmr'] = 'image/vnd.fujixerox.edmics-mmr';
$all_mimes['mny'] = 'application/x-msmoney';
$all_mimes['mobi'] = 'application/x-mobipocket-ebook';
$all_mimes['mov'] = 'video/quicktime';
$all_mimes['movie'] = 'video/x-sgi-movie';
$all_mimes['mp2'] = 'audio/mpeg';
$all_mimes['mp2a'] = 'audio/mpeg';
$all_mimes['mp3'] = 'audio/mpeg';
$all_mimes['mp4'] = 'video/mp4';
$all_mimes['mp4a'] = 'audio/mp4';
$all_mimes['mp4s'] = 'application/mp4';
$all_mimes['mp4v'] = 'video/mp4';
$all_mimes['mpa'] = 'video/mpeg';
$all_mimes['mpc'] = 'application/vnd.mophun.certificate';
$all_mimes['mpe'] = 'video/mpeg';
$all_mimes['mpeg'] = 'video/mpeg';
$all_mimes['mpg'] = 'video/mpeg';
$all_mimes['mpg4'] = 'video/mp4';
$all_mimes['mpga'] = 'audio/mpeg';
$all_mimes['mpkg'] = 'application/vnd.apple.installer+xml';
$all_mimes['mpm'] = 'application/vnd.blueice.multipass';
$all_mimes['mpn'] = 'application/vnd.mophun.application';
$all_mimes['mpp'] = 'application/vnd.ms-project';
$all_mimes['mpt'] = 'application/vnd.ms-project';
$all_mimes['mpy'] = 'application/vnd.ibm.minipay';
$all_mimes['mqy'] = 'application/vnd.mobius.mqy';
$all_mimes['mrc'] = 'application/marc';
$all_mimes['ms'] = 'text/troff';
$all_mimes['mscml'] = 'application/mediaservercontrol+xml';
$all_mimes['mseed'] = 'application/vnd.fdsn.mseed';
$all_mimes['mseq'] = 'application/vnd.mseq';
$all_mimes['msf'] = 'application/vnd.epson.msf';
$all_mimes['msh'] = 'model/mesh';
$all_mimes['msi'] = 'application/x-msdownload';
$all_mimes['msl'] = 'application/vnd.mobius.msl';
$all_mimes['msty'] = 'application/vnd.muvee.style';
$all_mimes['mts'] = 'model/vnd.mts';
$all_mimes['mus'] = 'application/vnd.musician';
$all_mimes['musicxml'] = 'application/vnd.recordare.musicxml+xml';
$all_mimes['mvb'] = 'application/x-msmediaview';
$all_mimes['mwf'] = 'application/vnd.mfer';
$all_mimes['mxf'] = 'application/mxf';
$all_mimes['mxl'] = 'application/vnd.recordare.musicxml';
$all_mimes['mxml'] = 'application/xv+xml';
$all_mimes['mxs'] = 'application/vnd.triscape.mxs';
$all_mimes['mxu'] = 'video/vnd.mpegurl';
$all_mimes['n-gage'] = 'application/vnd.nokia.n-gage.symbian.install';
$all_mimes['nb'] = 'application/mathematica';
$all_mimes['nc'] = 'application/x-netcdf';
$all_mimes['ncx'] = 'application/x-dtbncx+xml';
$all_mimes['ngdat'] = 'application/vnd.nokia.n-gage.data';
$all_mimes['nlu'] = 'application/vnd.neurolanguage.nlu';
$all_mimes['nml'] = 'application/vnd.enliven';
$all_mimes['nnd'] = 'application/vnd.noblenet-directory';
$all_mimes['nns'] = 'application/vnd.noblenet-sealer';
$all_mimes['nnw'] = 'application/vnd.noblenet-web';
$all_mimes['npx'] = 'image/vnd.net-fpx';
$all_mimes['nsf'] = 'application/vnd.lotus-notes';
$all_mimes['nws'] = 'message/rfc822';
$all_mimes['o'] = 'application/octet-stream';
$all_mimes['oa2'] = 'application/vnd.fujitsu.oasys2';
$all_mimes['oa3'] = 'application/vnd.fujitsu.oasys3';
$all_mimes['oas'] = 'application/vnd.fujitsu.oasys';
$all_mimes['obd'] = 'application/x-msbinder';
$all_mimes['obj'] = 'application/octet-stream';
$all_mimes['oda'] = 'application/oda';
$all_mimes['odb'] = 'application/vnd.oasis.opendocument.database';
$all_mimes['odc'] = 'application/vnd.oasis.opendocument.chart';
$all_mimes['odf'] = 'application/vnd.oasis.opendocument.formula';
$all_mimes['odft'] = 'application/vnd.oasis.opendocument.formula-template';
$all_mimes['odg'] = 'application/vnd.oasis.opendocument.graphics';
$all_mimes['odi'] = 'application/vnd.oasis.opendocument.image';
$all_mimes['odp'] = 'application/vnd.oasis.opendocument.presentation';
$all_mimes['ods'] = 'application/vnd.oasis.opendocument.spreadsheet';
$all_mimes['odt'] = 'application/vnd.oasis.opendocument.text';
$all_mimes['oga'] = 'audio/ogg';
$all_mimes['ogg'] = 'audio/ogg';
$all_mimes['ogv'] = 'video/ogg';
$all_mimes['ogx'] = 'application/ogg';
$all_mimes['onepkg'] = 'application/onenote';
$all_mimes['onetmp'] = 'application/onenote';
$all_mimes['onetoc'] = 'application/onenote';
$all_mimes['onetoc2'] = 'application/onenote';
$all_mimes['opf'] = 'application/oebps-package+xml';
$all_mimes['oprc'] = 'application/vnd.palm';
$all_mimes['org'] = 'application/vnd.lotus-organizer';
$all_mimes['osf'] = 'application/vnd.yamaha.openscoreformat';
$all_mimes['osfpvg'] = 'application/vnd.yamaha.openscoreformat.osfpvg+xml';
$all_mimes['otc'] = 'application/vnd.oasis.opendocument.chart-template';
$all_mimes['otf'] = 'application/x-font-otf';
$all_mimes['otg'] = 'application/vnd.oasis.opendocument.graphics-template';
$all_mimes['oth'] = 'application/vnd.oasis.opendocument.text-web';
$all_mimes['oti'] = 'application/vnd.oasis.opendocument.image-template';
$all_mimes['otm'] = 'application/vnd.oasis.opendocument.text-master';
$all_mimes['otp'] = 'application/vnd.oasis.opendocument.presentation-template';
$all_mimes['ots'] = 'application/vnd.oasis.opendocument.spreadsheet-template';
$all_mimes['ott'] = 'application/vnd.oasis.opendocument.text-template';
$all_mimes['oxt'] = 'application/vnd.openofficeorg.extension';
$all_mimes['p'] = 'text/x-pascal';
$all_mimes['p10'] = 'application/pkcs10';
$all_mimes['p12'] = 'application/x-pkcs12';
$all_mimes['p7b'] = 'application/x-pkcs7-certificates';
$all_mimes['p7c'] = 'application/pkcs7-mime';
$all_mimes['p7m'] = 'application/pkcs7-mime';
$all_mimes['p7r'] = 'application/x-pkcs7-certreqresp';
$all_mimes['p7s'] = 'application/pkcs7-signature';
$all_mimes['pas'] = 'text/x-pascal';
$all_mimes['pbd'] = 'application/vnd.powerbuilder6';
$all_mimes['pbm'] = 'image/x-portable-bitmap';
$all_mimes['pcf'] = 'application/x-font-pcf';
$all_mimes['pcl'] = 'application/vnd.hp-pcl';
$all_mimes['pclxl'] = 'application/vnd.hp-pclxl';
$all_mimes['pct'] = 'image/x-pict';
$all_mimes['pcurl'] = 'application/vnd.curl.pcurl';
$all_mimes['pcx'] = 'image/x-pcx';
$all_mimes['pdb'] = 'application/vnd.palm';
$all_mimes['pdf'] = 'application/pdf';
$all_mimes['pfa'] = 'application/x-font-type1';
$all_mimes['pfb'] = 'application/x-font-type1';
$all_mimes['pfm'] = 'application/x-font-type1';
$all_mimes['pfr'] = 'application/font-tdpfr';
$all_mimes['pfx'] = 'application/x-pkcs12';
$all_mimes['pgm'] = 'image/x-portable-graymap';
$all_mimes['pgn'] = 'application/x-chess-pgn';
$all_mimes['pgp'] = 'application/pgp-encrypted';
$all_mimes['pic'] = 'image/x-pict';
$all_mimes['pkg'] = 'application/octet-stream';
$all_mimes['pki'] = 'application/pkixcmp';
$all_mimes['pkipath'] = 'application/pkix-pkipath';
$all_mimes['pl'] = 'text/plain';
$all_mimes['plb'] = 'application/vnd.3gpp.pic-bw-large';
$all_mimes['plc'] = 'application/vnd.mobius.plc';
$all_mimes['plf'] = 'application/vnd.pocketlearn';
$all_mimes['pls'] = 'application/pls+xml';
$all_mimes['pml'] = 'application/vnd.ctc-posml';
$all_mimes['png'] = 'image/png';
$all_mimes['pnm'] = 'image/x-portable-anymap';
$all_mimes['portpkg'] = 'application/vnd.macports.portpkg';
$all_mimes['pot'] = 'application/vnd.ms-powerpoint';
$all_mimes['potm'] = 'application/vnd.ms-powerpoint.template.macroenabled.12';
$all_mimes['potx'] = 'application/vnd.openxmlformats-officedocument.presentationml.template';
$all_mimes['ppa'] = 'application/vnd.ms-powerpoint';
$all_mimes['ppam'] = 'application/vnd.ms-powerpoint.addin.macroenabled.12';
$all_mimes['ppd'] = 'application/vnd.cups-ppd';
$all_mimes['ppm'] = 'image/x-portable-pixmap';
$all_mimes['pps'] = 'application/vnd.ms-powerpoint';
$all_mimes['ppsm'] = 'application/vnd.ms-powerpoint.slideshow.macroenabled.12';
$all_mimes['ppsx'] = 'application/vnd.openxmlformats-officedocument.presentationml.slideshow';
$all_mimes['ppt'] = 'application/vnd.ms-powerpoint';
$all_mimes['pptm'] = 'application/vnd.ms-powerpoint.presentation.macroenabled.12';
$all_mimes['pptx'] = 'application/vnd.openxmlformats-officedocument.presentationml.presentation';
$all_mimes['pqa'] = 'application/vnd.palm';
$all_mimes['prc'] = 'application/x-mobipocket-ebook';
$all_mimes['pre'] = 'application/vnd.lotus-freelance';
$all_mimes['prf'] = 'application/pics-rules';
$all_mimes['ps'] = 'application/postscript';
$all_mimes['psb'] = 'application/vnd.3gpp.pic-bw-small';
$all_mimes['psd'] = 'image/vnd.adobe.photoshop';
$all_mimes['psf'] = 'application/x-font-linux-psf';
$all_mimes['ptid'] = 'application/vnd.pvi.ptid1';
$all_mimes['pub'] = 'application/x-mspublisher';
$all_mimes['pvb'] = 'application/vnd.3gpp.pic-bw-var';
$all_mimes['pwn'] = 'application/vnd.3m.post-it-notes';
$all_mimes['pwz'] = 'application/vnd.ms-powerpoint';
$all_mimes['py'] = 'text/x-python';
$all_mimes['pya'] = 'audio/vnd.ms-playready.media.pya';
$all_mimes['pyc'] = 'application/x-python-code';
$all_mimes['pyo'] = 'application/x-python-code';
$all_mimes['pyv'] = 'video/vnd.ms-playready.media.pyv';
$all_mimes['qam'] = 'application/vnd.epson.quickanime';
$all_mimes['qbo'] = 'application/vnd.intu.qbo';
$all_mimes['qfx'] = 'application/vnd.intu.qfx';
$all_mimes['qps'] = 'application/vnd.publishare-delta-tree';
$all_mimes['qt'] = 'video/quicktime';
$all_mimes['qwd'] = 'application/vnd.quark.quarkxpress';
$all_mimes['qwt'] = 'application/vnd.quark.quarkxpress';
$all_mimes['qxb'] = 'application/vnd.quark.quarkxpress';
$all_mimes['qxd'] = 'application/vnd.quark.quarkxpress';
$all_mimes['qxl'] = 'application/vnd.quark.quarkxpress';
$all_mimes['qxt'] = 'application/vnd.quark.quarkxpress';
$all_mimes['ra'] = 'audio/x-pn-realaudio';
$all_mimes['ram'] = 'audio/x-pn-realaudio';
$all_mimes['rar'] = 'application/x-rar-compressed';
$all_mimes['ras'] = 'image/x-cmu-raster';
$all_mimes['rcprofile'] = 'application/vnd.ipunplugged.rcprofile';
$all_mimes['rdf'] = 'application/rdf+xml';
$all_mimes['rdz'] = 'application/vnd.data-vision.rdz';
$all_mimes['rep'] = 'application/vnd.businessobjects';
$all_mimes['res'] = 'application/x-dtbresource+xml';
$all_mimes['rgb'] = 'image/x-rgb';
$all_mimes['rif'] = 'application/reginfo+xml';
$all_mimes['rl'] = 'application/resource-lists+xml';
$all_mimes['rlc'] = 'image/vnd.fujixerox.edmics-rlc';
$all_mimes['rld'] = 'application/resource-lists-diff+xml';
$all_mimes['rm'] = 'application/vnd.rn-realmedia';
$all_mimes['rmi'] = 'audio/midi';
$all_mimes['rmp'] = 'audio/x-pn-realaudio-plugin';
$all_mimes['rms'] = 'application/vnd.jcp.javame.midlet-rms';
$all_mimes['rnc'] = 'application/relax-ng-compact-syntax';
$all_mimes['roff'] = 'text/troff';
$all_mimes['rpm'] = 'application/x-rpm';
$all_mimes['rpss'] = 'application/vnd.nokia.radio-presets';
$all_mimes['rpst'] = 'application/vnd.nokia.radio-preset';
$all_mimes['rq'] = 'application/sparql-query';
$all_mimes['rs'] = 'application/rls-services+xml';
$all_mimes['rsd'] = 'application/rsd+xml';
$all_mimes['rss'] = 'application/rss+xml';
$all_mimes['rtf'] = 'application/rtf';
$all_mimes['rtx'] = 'text/richtext';
$all_mimes['s'] = 'text/x-asm';
$all_mimes['saf'] = 'application/vnd.yamaha.smaf-audio';
$all_mimes['sbml'] = 'application/sbml+xml';
$all_mimes['sc'] = 'application/vnd.ibm.secure-container';
$all_mimes['scd'] = 'application/x-msschedule';
$all_mimes['scm'] = 'application/vnd.lotus-screencam';
$all_mimes['scq'] = 'application/scvp-cv-request';
$all_mimes['scs'] = 'application/scvp-cv-response';
$all_mimes['scurl'] = 'text/vnd.curl.scurl';
$all_mimes['sda'] = 'application/vnd.stardivision.draw';
$all_mimes['sdc'] = 'application/vnd.stardivision.calc';
$all_mimes['sdd'] = 'application/vnd.stardivision.impress';
$all_mimes['sdkd'] = 'application/vnd.solent.sdkm+xml';
$all_mimes['sdkm'] = 'application/vnd.solent.sdkm+xml';
$all_mimes['sdp'] = 'application/sdp';
$all_mimes['sdw'] = 'application/vnd.stardivision.writer';
$all_mimes['see'] = 'application/vnd.seemail';
$all_mimes['seed'] = 'application/vnd.fdsn.seed';
$all_mimes['sema'] = 'application/vnd.sema';
$all_mimes['semd'] = 'application/vnd.semd';
$all_mimes['semf'] = 'application/vnd.semf';
$all_mimes['ser'] = 'application/java-serialized-object';
$all_mimes['setpay'] = 'application/set-payment-initiation';
$all_mimes['setreg'] = 'application/set-registration-initiation';
$all_mimes['sfd-hdstx'] = 'application/vnd.hydrostatix.sof-data';
$all_mimes['sfs'] = 'application/vnd.spotfire.sfs';
$all_mimes['sgl'] = 'application/vnd.stardivision.writer-global';
$all_mimes['sgm'] = 'text/sgml';
$all_mimes['sgml'] = 'text/sgml';
$all_mimes['sh'] = 'application/x-sh';
$all_mimes['shar'] = 'application/x-shar';
$all_mimes['shf'] = 'application/shf+xml';
$all_mimes['si'] = 'text/vnd.wap.si';
$all_mimes['sic'] = 'application/vnd.wap.sic';
$all_mimes['sig'] = 'application/pgp-signature';
$all_mimes['silo'] = 'model/mesh';
$all_mimes['sis'] = 'application/vnd.symbian.install';
$all_mimes['sisx'] = 'application/vnd.symbian.install';
$all_mimes['sit'] = 'application/x-stuffit';
$all_mimes['sitx'] = 'application/x-stuffitx';
$all_mimes['skd'] = 'application/vnd.koan';
$all_mimes['skm'] = 'application/vnd.koan';
$all_mimes['skp'] = 'application/vnd.koan';
$all_mimes['skt'] = 'application/vnd.koan';
$all_mimes['sl'] = 'text/vnd.wap.sl';
$all_mimes['slc'] = 'application/vnd.wap.slc';
$all_mimes['sldm'] = 'application/vnd.ms-powerpoint.slide.macroenabled.12';
$all_mimes['sldx'] = 'application/vnd.openxmlformats-officedocument.presentationml.slide';
$all_mimes['slt'] = 'application/vnd.epson.salt';
$all_mimes['smf'] = 'application/vnd.stardivision.math';
$all_mimes['smi'] = 'application/smil+xml';
$all_mimes['smil'] = 'application/smil+xml';
$all_mimes['snd'] = 'audio/basic';
$all_mimes['snf'] = 'application/x-font-snf';
$all_mimes['so'] = 'application/octet-stream';
$all_mimes['spc'] = 'application/x-pkcs7-certificates';
$all_mimes['spf'] = 'application/vnd.yamaha.smaf-phrase';
$all_mimes['spl'] = 'application/x-futuresplash';
$all_mimes['spot'] = 'text/vnd.in3d.spot';
$all_mimes['spp'] = 'application/scvp-vp-response';
$all_mimes['spq'] = 'application/scvp-vp-request';
$all_mimes['spx'] = 'audio/ogg';
$all_mimes['src'] = 'application/x-wais-source';
$all_mimes['srx'] = 'application/sparql-results+xml';
$all_mimes['sse'] = 'application/vnd.kodak-descriptor';
$all_mimes['ssf'] = 'application/vnd.epson.ssf';
$all_mimes['ssml'] = 'application/ssml+xml';
$all_mimes['stc'] = 'application/vnd.sun.xml.calc.template';
$all_mimes['std'] = 'application/vnd.sun.xml.draw.template';
$all_mimes['stf'] = 'application/vnd.wt.stf';
$all_mimes['sti'] = 'application/vnd.sun.xml.impress.template';
$all_mimes['stk'] = 'application/hyperstudio';
$all_mimes['stl'] = 'application/vnd.ms-pki.stl';
$all_mimes['str'] = 'application/vnd.pg.format';
$all_mimes['stw'] = 'application/vnd.sun.xml.writer.template';
$all_mimes['sus'] = 'application/vnd.sus-calendar';
$all_mimes['susp'] = 'application/vnd.sus-calendar';
$all_mimes['sv4cpio'] = 'application/x-sv4cpio';
$all_mimes['sv4crc'] = 'application/x-sv4crc';
$all_mimes['svd'] = 'application/vnd.svd';
$all_mimes['svg'] = 'image/svg+xml';
$all_mimes['svgz'] = 'image/svg+xml';
$all_mimes['swa'] = 'application/x-director';
$all_mimes['swf'] = 'application/x-shockwave-flash';
$all_mimes['swi'] = 'application/vnd.arastra.swi';
$all_mimes['sxc'] = 'application/vnd.sun.xml.calc';
$all_mimes['sxd'] = 'application/vnd.sun.xml.draw';
$all_mimes['sxg'] = 'application/vnd.sun.xml.writer.global';
$all_mimes['sxi'] = 'application/vnd.sun.xml.impress';
$all_mimes['sxm'] = 'application/vnd.sun.xml.math';
$all_mimes['sxw'] = 'application/vnd.sun.xml.writer';
$all_mimes['t'] = 'text/troff';
$all_mimes['tao'] = 'application/vnd.tao.intent-module-archive';
$all_mimes['tar'] = 'application/x-tar';
$all_mimes['tcap'] = 'application/vnd.3gpp2.tcap';
$all_mimes['tcl'] = 'application/x-tcl';
$all_mimes['teacher'] = 'application/vnd.smart.teacher';
$all_mimes['tex'] = 'application/x-tex';
$all_mimes['texi'] = 'application/x-texinfo';
$all_mimes['texinfo'] = 'application/x-texinfo';
$all_mimes['text'] = 'text/plain';
$all_mimes['tfm'] = 'application/x-tex-tfm';
$all_mimes['tgz'] = 'application/x-gzip';
$all_mimes['tif'] = 'image/tiff';
$all_mimes['tiff'] = 'image/tiff';
$all_mimes['tmo'] = 'application/vnd.tmobile-livetv';
$all_mimes['torrent'] = 'application/x-bittorrent';
$all_mimes['tpl'] = 'application/vnd.groove-tool-template';
$all_mimes['tpt'] = 'application/vnd.trid.tpt';
$all_mimes['tr'] = 'text/troff';
$all_mimes['tra'] = 'application/vnd.trueapp';
$all_mimes['trm'] = 'application/x-msterminal';
$all_mimes['tsv'] = 'text/tab-separated-values';
$all_mimes['ttc'] = 'application/x-font-ttf';
$all_mimes['ttf'] = 'application/x-font-ttf';
$all_mimes['twd'] = 'application/vnd.simtech-mindmapper';
$all_mimes['twds'] = 'application/vnd.simtech-mindmapper';
$all_mimes['txd'] = 'application/vnd.genomatix.tuxedo';
$all_mimes['txf'] = 'application/vnd.mobius.txf';
$all_mimes['txt'] = 'text/plain';
$all_mimes['u32'] = 'application/x-authorware-bin';
$all_mimes['udeb'] = 'application/x-debian-package';
$all_mimes['ufd'] = 'application/vnd.ufdl';
$all_mimes['ufdl'] = 'application/vnd.ufdl';
$all_mimes['umj'] = 'application/vnd.umajin';
$all_mimes['unityweb'] = 'application/vnd.unity';
$all_mimes['uoml'] = 'application/vnd.uoml+xml';
$all_mimes['uri'] = 'text/uri-list';
$all_mimes['uris'] = 'text/uri-list';
$all_mimes['urls'] = 'text/uri-list';
$all_mimes['ustar'] = 'application/x-ustar';
$all_mimes['utz'] = 'application/vnd.uiq.theme';
$all_mimes['uu'] = 'text/x-uuencode';
$all_mimes['vcd'] = 'application/x-cdlink';
$all_mimes['vcf'] = 'text/x-vcard';
$all_mimes['vcg'] = 'application/vnd.groove-vcard';
$all_mimes['vcs'] = 'text/x-vcalendar';
$all_mimes['vcx'] = 'application/vnd.vcx';
$all_mimes['vis'] = 'application/vnd.visionary';
$all_mimes['viv'] = 'video/vnd.vivo';
$all_mimes['vor'] = 'application/vnd.stardivision.writer';
$all_mimes['vox'] = 'application/x-authorware-bin';
$all_mimes['vrml'] = 'model/vrml';
$all_mimes['vsd'] = 'application/vnd.visio';
$all_mimes['vsf'] = 'application/vnd.vsf';
$all_mimes['vss'] = 'application/vnd.visio';
$all_mimes['vst'] = 'application/vnd.visio';
$all_mimes['vsw'] = 'application/vnd.visio';
$all_mimes['vtu'] = 'model/vnd.vtu';
$all_mimes['vxml'] = 'application/voicexml+xml';
$all_mimes['w3d'] = 'application/x-director';
$all_mimes['wad'] = 'application/x-doom';
$all_mimes['wav'] = 'audio/x-wav';
$all_mimes['wax'] = 'audio/x-ms-wax';
$all_mimes['wbmp'] = 'image/vnd.wap.wbmp';
$all_mimes['wbs'] = 'application/vnd.criticaltools.wbs+xml';
$all_mimes['wbxml'] = 'application/vnd.wap.wbxml';
$all_mimes['wcm'] = 'application/vnd.ms-works';
$all_mimes['wdb'] = 'application/vnd.ms-works';
$all_mimes['wiz'] = 'application/msword';
$all_mimes['wks'] = 'application/vnd.ms-works';
$all_mimes['wm'] = 'video/x-ms-wm';
$all_mimes['wma'] = 'audio/x-ms-wma';
$all_mimes['wmd'] = 'application/x-ms-wmd';
$all_mimes['wmf'] = 'application/x-msmetafile';
$all_mimes['wml'] = 'text/vnd.wap.wml';
$all_mimes['wmlc'] = 'application/vnd.wap.wmlc';
$all_mimes['wmls'] = 'text/vnd.wap.wmlscript';
$all_mimes['wmlsc'] = 'application/vnd.wap.wmlscriptc';
$all_mimes['wmv'] = 'video/x-ms-wmv';
$all_mimes['wmx'] = 'video/x-ms-wmx';
$all_mimes['wmz'] = 'application/x-ms-wmz';
$all_mimes['wpd'] = 'application/vnd.wordperfect';
$all_mimes['wpl'] = 'application/vnd.ms-wpl';
$all_mimes['wps'] = 'application/vnd.ms-works';
$all_mimes['wqd'] = 'application/vnd.wqd';
$all_mimes['wri'] = 'application/x-mswrite';
$all_mimes['wrl'] = 'model/vrml';
$all_mimes['wsdl'] = 'application/wsdl+xml';
$all_mimes['wspolicy'] = 'application/wspolicy+xml';
$all_mimes['wtb'] = 'application/vnd.webturbo';
$all_mimes['wvx'] = 'video/x-ms-wvx';
$all_mimes['x32'] = 'application/x-authorware-bin';
$all_mimes['x3d'] = 'application/vnd.hzn-3d-crossword';
$all_mimes['xap'] = 'application/x-silverlight-app';
$all_mimes['xar'] = 'application/vnd.xara';
$all_mimes['xbap'] = 'application/x-ms-xbap';
$all_mimes['xbd'] = 'application/vnd.fujixerox.docuworks.binder';
$all_mimes['xbm'] = 'image/x-xbitmap';
$all_mimes['xdm'] = 'application/vnd.syncml.dm+xml';
$all_mimes['xdp'] = 'application/vnd.adobe.xdp+xml';
$all_mimes['xdw'] = 'application/vnd.fujixerox.docuworks';
$all_mimes['xenc'] = 'application/xenc+xml';
$all_mimes['xer'] = 'application/patch-ops-error+xml';
$all_mimes['xfdf'] = 'application/vnd.adobe.xfdf';
$all_mimes['xfdl'] = 'application/vnd.xfdl';
$all_mimes['xht'] = 'application/xhtml+xml';
$all_mimes['xhtml'] = 'application/xhtml+xml';
$all_mimes['xhvml'] = 'application/xv+xml';
$all_mimes['xif'] = 'image/vnd.xiff';
$all_mimes['xla'] = 'application/vnd.ms-excel';
$all_mimes['xlam'] = 'application/vnd.ms-excel.addin.macroenabled.12';
$all_mimes['xlb'] = 'application/vnd.ms-excel';
$all_mimes['xlc'] = 'application/vnd.ms-excel';
$all_mimes['xlm'] = 'application/vnd.ms-excel';
$all_mimes['xls'] = 'application/vnd.ms-excel';
$all_mimes['xlsb'] = 'application/vnd.ms-excel.sheet.binary.macroenabled.12';
$all_mimes['xlsm'] = 'application/vnd.ms-excel.sheet.macroenabled.12';
$all_mimes['xlsx'] = 'application/vnd.openxmlformats-officedocument.spreadsheetml.sheet';
$all_mimes['xlt'] = 'application/vnd.ms-excel';
$all_mimes['xltm'] = 'application/vnd.ms-excel.template.macroenabled.12';
$all_mimes['xltx'] = 'application/vnd.openxmlformats-officedocument.spreadsheetml.template';
$all_mimes['xlw'] = 'application/vnd.ms-excel';
$all_mimes['xml'] = 'application/xml';
$all_mimes['xo'] = 'application/vnd.olpc-sugar';
$all_mimes['xop'] = 'application/xop+xml';
$all_mimes['xpdl'] = 'application/xml';
$all_mimes['xpi'] = 'application/x-xpinstall';
$all_mimes['xpm'] = 'image/x-xpixmap';
$all_mimes['xpr'] = 'application/vnd.is-xpr';
$all_mimes['xps'] = 'application/vnd.ms-xpsdocument';
$all_mimes['xpw'] = 'application/vnd.intercon.formnet';
$all_mimes['xpx'] = 'application/vnd.intercon.formnet';
$all_mimes['xsl'] = 'application/xml';
$all_mimes['xslt'] = 'application/xslt+xml';
$all_mimes['xsm'] = 'application/vnd.syncml+xml';
$all_mimes['xspf'] = 'application/xspf+xml';
$all_mimes['xul'] = 'application/vnd.mozilla.xul+xml';
$all_mimes['xvm'] = 'application/xv+xml';
$all_mimes['xvml'] = 'application/xv+xml';
$all_mimes['xwd'] = 'image/x-xwindowdump';
$all_mimes['xyz'] = 'chemical/x-xyz';
$all_mimes['zaz'] = 'application/vnd.zzazz.deck+xml';
$all_mimes['zip'] = 'application/zip';
$all_mimes['zir'] = 'application/vnd.zul';
$all_mimes['zirz'] = 'application/vnd.zul';
$all_mimes['zmm'] = 'application/vnd.handheld-entertainment+xml';]